year	timestamp	author	kind	content
2020	2020-04-19T15:13:57.993+00:00	maszko	general	ak pouzivate broadcast na rozoslanie, davate ho do komunikacneho protokolu?
2020	2020-04-19T16:51:48.112+00:00	lukashino	pain	ale podla fora by si mohol aj Allgather prip Broadcast
2020	2020-06-06T07:16:39.856+00:00	altaon19	general	Urcite se na ne nikdo nemuze zeptat v ramci otazky Distribuovaný broadcast, synchronizace v distribuovaných systémech?
2020	2020-06-08T16:58:12.17+00:00	betsst	algo	**Polsemka** 1. Uplne prepojenie topologia 6 uzlov - diagram, konektivita, bisekcia 2. Ktore z uvedený dvojic algoritmov su optimalne (pipeline merge, od even transposition a odd even merge sort myslim) 3. PRAM - ma/nema zdielane/lokalne pamati 4. Popis redukcnych pc **Test** 1. I cena alg ktory zoradi, II cena ktory zisti ci je nejaky zhodny, III casova ...
2020	2020-06-09T11:35:11.627+00:00	burned2854	general	Já to řešil jinak, našel jsem přes redukce minimum i maximum, to jsem rozeslal všem prvkům přes broadcast, pak všechny prvky porovnaly, jestli num != max && num != min && min != max a pak přes reduce s logickým OR jsem získal výsledek, ale teď si nejsem jistý, jestli v tom taky není nějaký zádrhel 😄
2021	2021-05-08T13:34:47.897+00:00	peter8888	general	OpenMPI vie aj broadcast? :PepeLa:
2021	2021-05-08T13:35:25.149+00:00	dify	general	mám tam broadcast a 7b :VUTrtzW:
2021	2021-05-08T13:35:48.184+00:00	peter8888	general	akoze mam 7bodov a nemam broadcast
2021	2021-05-09T14:42:16.707+00:00	matt_3651	pain	Nevie niekto co chcel autor povedat tymto obrazkom pre broadcast? :peepoThink:
2021	2021-05-09T15:42:06.321+00:00	tomas238	general	oh, asi cez reduce spocitat priemer, cez broadcast ho poslat kazdemu procesu, kazdy proces na svojom indexe podla svojho ranku zmeni cislo na 0 ak < priemer, spravi sa znova reduce
2021	2021-05-10T15:28:09.392+00:00	betsst	property	1.- cena XOR -casova zlozitost OR - cena suctu? maxima a minima 2. test &set 3. kauzalita 4. Euler tah -suffix? 5. R-A 6. Euler strom/graf? 7. Carry look ahead add - spocitat 39 a 110 8. naprogramovat s logickou zlozitostou sucet hodnot nez vacsich nez priemer? ----- ak si niekto pamata viac taaak doplniiim :peepoHappy:
2021	2021-05-10T16:46:28.124+00:00	ishanka	property,pain	ale tak rip A, mozna jeste kapne B, kdyz zavre oci u kauzality :VUTrtzW:
2021	2021-05-13T18:40:10.174+00:00	eitary	general	vyšlu broadcast
2021	2021-05-24T20:07:17.888+00:00	adhades	general	no a jestli vždy bude N=n, tak si stačí zapamatovat ty časový složitosti, teda - CRCW Nějaká operace se všemi prvky: log n Nalezení jednoho prvku: const. \_ \_EW Nějaká operace se všemi prvky: log n Nalezení jednoho prvku: log n CR\_ \_ Broadcast: const. ER\_ \_ Broadcast: log n
2021	2021-05-24T21:43:59.111+00:00	chichin	property,pain	linda, occam, suzuki, meakow, marzul,broadcast abcast, takove ty sipecky co ani uz nevim k cemu to bylo...
2021	2021-05-25T12:40:56.447+00:00	rockstar1337	property	já třeba neviděl probranou kauzalitu
2021	2021-05-25T13:14:18.28+00:00	sedmicha	general	můžou být v if root, jde jen o to že tu funkci musí zavolat všechny procesy, takže bys ten broadcast musel mít v if i else branchi, ale v každým z nich ho můžeš volat jinak
2021	2021-05-25T19:43:22.804+00:00	chichin	property	to ma byt "FIFA" nebo FIFO
2021	2021-05-25T21:36:11.54+00:00	plech0	property	tusi niekto ako funguje ten ABCAST?
2021	2021-05-26T10:18:10.207+00:00	francze	general	MPI 10, Pi kalkul 10, tipovačka 6, broadcast 10, scan 10, algo 0 a jsem za vodou :ez:
2021	2021-05-26T10:18:47.231+00:00	jnc_me	general	dúfam že to je ten PRAM broadcast :HAhaaVUT:
2021	2021-06-07T13:28:39.224+00:00	eitary	general	ten příkaz Broadcast takhle v IFu fungovat nebude
2021	2021-06-07T13:29:05.415+00:00	_ls.d_	general	broadcast musia urobit vseci
2021	2021-06-09T07:31:03.018+00:00	_ls.d_	property	ako sa FIFO vsesmer lisi od Kauzal vsesmer?
2021	2021-06-09T07:31:34.281+00:00	isaacdrews	property	Kauzál platí pro všechny, FIFO mezi dvěma procesy
2021	2021-06-09T11:23:55.195+00:00	nitram147	exam,algo,property,pain	1.) PRAM tipovačka 2.) VLIW + ako sa riešia konflikty 3.) Monitor - popis + obrázok 4.) Problém 5 filozofov - kód so semaformi + popis ako to funguje (plus musel byt deadlock proof ten kód) 5.) Nieco s FIFO a broadcastom, nejaká random tabuľka, v živote som to nevidel 6.) Random mating (pravdepodobne 1:1 recycle z 1. opravného) 7.) OCCAM - naprogramovanie...
2021	2021-06-09T11:44:36.696+00:00	dajvid	property	Co to bylo s tím FIFO broadcastem do piči, to měl být pi kalkul.
2021	2021-06-09T12:51:10.218+00:00	_ls.d_	property	A to FIFO, ako snazil som sa to spravit kauzalne, ale to znamena ze v kazdom uzly dorazi sprava z skorsieho broadcastu skor, nez z neskorsieho broadcastu. Ja som ich iba ked dorazili naraz zoradil podla broadcastu, cize mozno som sa neuspechom a neznalostou kauzality dopracoval k uspechu FIFO.
2021	2021-06-09T19:00:56.198+00:00	nitram147	property	vsetko okrem toho FIFO som vyplnil a tak 12:56 odisiel
2021	2021-06-09T19:02:38.666+00:00	nitram147	pain	uprimne som cakal aj broadcast ale pozeral som tu prednasku na dvakrat a RIP
2022	2022-04-23T20:11:09.417+00:00	lakoc	general	no jako jedine, co mne napada, je vyuzit broadcast aby byla zachovana casova slozitost
2022	2022-04-23T20:12:41.32+00:00	rys8515	general	ja pouzivam gather a broadcast no
2022	2022-04-23T20:15:47.246+00:00	rys8515	general	tak allgather je v podstate gather + broadcast
2022	2022-04-24T08:33:43.798+00:00	lakoc	general	volam to tam vsemi procesy, ten broadcast je tam zbytecna rezie a neni to jadrem samotneho alg, takze si to imo muzeme dovolit
2022	2022-04-28T17:27:39.839+00:00	rys8515	algo	send recv, broadcast, gather, allgather
2022	2022-05-12T21:13:56.073+00:00	afos	property	ako minulé roky mohli mať otázky na kauzalitu, keď až tento rok máme kauzalitu v slajdoch? čo sa tu sakra deje za magic
2022	2022-05-12T21:26:54.831+00:00	mr.speaker	property	chteli nam dat nejaky realny priklad, jak porusit zakony kauzality :vutEZ:
2022	2022-05-13T05:37:46.63+00:00	maybe_coffee	property	Kauzalita je která prezentace?
2022	2022-05-13T06:58:01.089+00:00	straywolf_	property	on nějaký věci přesunul z poslední prezentace do té 11. (vč. té kauzality) a tu poslední neupdatnul, takže třeba ta kauzalita je teď ve slajdech 2x :pepeLaff:
2022	2022-05-13T07:48:51.455+00:00	janosamek	algo,property	Odpoveď od Zbořila na ten deliver (ak by niekoho zaujímalo): deliver je doručení, totiž ona zpráva nemusí být doručena v okamžiku, kdy se objeví 'na železe', na aplik.úrovni si systém sám rozhodne,kdy zprávu doručí, aby zajistil FIFO nebo kauzalitu. Doručení na železo / uzel je receive
2022	2022-05-13T08:39:18.301+00:00	emzak	general	z minulých zadání to je vždycky skoro to stejné, jeden/dva reduce a někdy broadcast
2022	2022-05-14T11:39:06.644+00:00	pavelb98	property	tohle je kauzalni ale ne fifo broadcast ze?
2022	2022-05-14T13:39:55.913+00:00	flippz	property	kauzalni == zprava odeslana pred zpravou *m* je kazdym recipientem prijata pred zpravou *m*?
2022	2022-05-14T15:47:43.7+00:00	arttarius	general	teď jsem našel, že broadcast hodnoty na EREW se dá vyřešit t(n)=O(log n)
2022	2022-05-14T16:24:47.553+00:00	afos	property,pain	keď pri broadcaste chce FIFO, bude chcieť len nejaký stručný popis, že čo to je, alebo bude chcieť ten totálne wtf kód?
2022	2022-05-14T16:28:09.816+00:00	bc.plov_ec	property	ake FIFO pri broadcaste?:HAhaaVUT:
2022	2022-05-14T16:52:47.207+00:00	tomiju	general	a 35/70 je úplná koruna...
2022	2022-05-14T17:14:31.306+00:00	afos	property	a čo abcast? znie to ako kandidát? :VUTrtzW:
2022	2022-05-14T17:32:11.392+00:00	maybe_coffee	property	Kauzalita, FIFO, BestEfford taky ne?
2022	2022-05-14T21:53:56.359+00:00	kristyna4270	algo,property	ale máš tam FIFO doručování zpráv, takže tam nemůžou mít stejná časová razítka či?
2022	2022-05-15T08:39:03.103+00:00	skartova9ka	property	Ako to vyzera keď sa poruší atomicita ? :VUTrtzW:
2022	2022-05-15T08:40:29.572+00:00	kristyna4270	algo,property	atomicita spočívá v tom, že: - všechny procesy přijmou všechny zprávy ve stejném pořadí - ale ne v tom samém, jak byly vysílány (ve fyzickém čase) - ale v nějakém pořadí, které zachovají všechny procesy ⇒ tj. agreement mezi procesy
2022	2022-05-15T08:45:03.875+00:00	mr.speaker	property	kdyz uz jsi u toho, nechces popsat i rozdil mezi FIFO a atomicitou? :Prayge: me to totiz zni stejne z tech definic z materialu :VUTrtzW:
2022	2022-05-15T08:45:42.319+00:00	tomiju	property	U FIFO záleží i na tom, kdy to bylo reálně odesláno imo
2022	2022-05-15T08:46:01.035+00:00	mr.speaker	property	a u kauzality zalezi ciste jen na tom, kdy to bylo odeslano?
2022	2022-05-15T08:47:26.935+00:00	kristyna4270	property	FIFO máš Reliable + FIFO order... Atomic je Reliable + Total order... a rozdíl mezi těmi dvěma order už ze slajdů jde, ne?
2022	2022-05-15T08:47:45.082+00:00	tomiju	property	Možná spíš FIFO - jak ti to dojde, tak odešleš, ATOM - všichni odešlou ve stejném pořadí (nemusí být kauzalne správně), kauzalni - když jsi něco odeslal, tak to prijmes před tím, než odešleš na to odpověď? :hmmNote:
2022	2022-05-15T08:48:06.975+00:00	kristyna4270	property	FIFO order: zprávy jsou ukládány v pořadí, v jakém byly broadcastnuty, a to pomocí deliver
2022	2022-05-15T09:37:11.327+00:00	kuldas	general	no jasně, ale ten broadcast ti to rozhodí mezi prvky, vezmeš reduce, dostaneš sumu, rozhodíš mezi prvky, reducneš a dostaneš průměr... 😄
2022	2022-05-15T09:38:35.831+00:00	kristyna4270	general	a co takového se z toho může ptát? :peepoThink: jak to tak čtu, tak akorát co je 'koruna' a ne že by to z toho textu bylo nějaké super pochopitelné :VUTrtzW:
2022	2022-05-15T13:36:50.041+00:00	sqvik	property	Řekl bych FIFO + případně priorita UID
2022	2022-05-15T14:46:38.02+00:00	simon55655	property	Tam budeš mať obrázok nie? :hmmNote: a napísať ktoré sa kedy deliverne tak aby nebola porušená kauzalita
2022	2022-05-15T16:47:44.875+00:00	tomiju	property	v 2016 jim dal OCCAM i ABCAST :KEKW:
2022	2022-05-15T16:48:26.216+00:00	isaacdrews	property	... ABCAST je co dopiči :PepeLa:
2022	2022-05-15T20:22:49.696+00:00	isaacdrews	general	No joke, tho, když už máš dost, vytáhne ještě zasranej broadcast
2022	2022-05-15T22:37:15.866+00:00	kristyna4270	general	jo, já skončila u toho, že koruna bude cyklus :PepeLa:
2022	2022-05-16T00:39:23.585+00:00	rys8515	property	ta "->e" znamena kauzalne predchadza
2022	2022-05-16T00:47:02.722+00:00	rys8515	algo,property	spravis si vsetky mozne pary (send(msg_i), recv(msg_j)), kde send(msg_i) ->e recv(msg_j) -- je kauzalne pred -- a ked v nich je cyklus tak je tam koruna a nejde to spravit synchronne
2022	2022-05-16T00:55:07.213+00:00	rys8515	general	cize je tam najdlhsia koruna (m3, m2)(m2,m1)(m1,m3)
2022	2022-05-16T06:51:33.444+00:00	maybe_coffee	property	FIFA je FIFO + Atomicity? :monkahmm:
2022	2022-05-16T06:52:07.316+00:00	lada_42	algo,property	@Lori tady máš příklad. Tady ta zpráva přišla tomu procesu a až potom na ni reagoval - kauzalita splněna. Pokud by ale to modry kolečko předchazelo tomu doručeni, tak je kauzalita porušena
2022	2022-05-16T06:52:41.641+00:00	radluy	property	ak vie niekto ludsky vysvetlit ti fifo kauzality a usporiadanie tak sa nenahnevam. Ten popis v poznamkach mi absolutne nedava zmysel. Vsetko to je to iste
2022	2022-05-16T06:57:18.379+00:00	bixor_	property	Vždy bude FIFO porušené s tým si vystačíme :copium:
2022	2022-05-16T06:58:07.454+00:00	simon55655	property	takže FIFA nieje FIFO atomic?
2022	2022-05-16T07:03:20.521+00:00	maybe_coffee	property	Protoze v prezentaci je FIFO Atomic
2022	2022-05-16T07:08:01.732+00:00	radluy	property	chyba tam ta klucova informacia ze fifo su vsetky procesy
2022	2022-05-16T07:11:41.856+00:00	rys8515	property	cize FIFO riesi ked dve spravy posiela jeden procesor
2022	2022-05-16T07:11:56.235+00:00	rys8515	property	a kauzalita ked jeden procesor posle druhemu a druhy posle dalsiu spravu?
2022	2022-05-16T07:14:12.395+00:00	rys8515	algo,property	FIFO = P1 posle spravu m1 a potom spravu m2, najskor sa musi vsetkym dorucit m1 a az potom m2
2022	2022-05-16T07:15:01.458+00:00	rys8515	algo,property	kauzalita = P1 posiela vsetkym spravu m1, procesor P2 prijme m1 a posiela vsetkym spravu m2, najskor sa musi vsetkym dorucit sprava m1 a az potom m2
2022	2022-05-16T07:25:42.896+00:00	maybe_coffee	general	koruna??
2022	2022-05-16T07:26:08.348+00:00	toaster	general	https://www.csfd.cz/film/437677-koruna/prehled/
2022	2022-05-16T08:06:25.461+00:00	sebasuuu	general	MPI (reduce, broadcast) c++ - 16 prvkov zistit ci su aspon 2 rozne - logaritmicka casova zložitosť
2022	2022-05-16T08:36:37.887+00:00	dj_boeing	algo,property,pain	jaky je teda rozdil mezi FIFO, kauzalnim a atomickym vysilanim? nejak to v tom nevidim
2022	2022-05-18T12:30:01.529+00:00	maybe_coffee	property	In nomine PRAM et FIFO et Semaphor sancti... :Prayge:
2022	2022-05-24T16:26:53.709+00:00	student4822	general	To je ta Koruna
2022	2022-05-25T12:40:38.048+00:00	emzak	general	Náhodou jste někdo nedělali tenhle příklad na tu synchronizaci ? Mám dobře zapsané ty relace a korunu ? :HAhaaVUT: > (1,3), (1,4), (1,5), (1,6) > (2,1), (2,3), (2,4), (2,5), (2,6) > (3,1), (3,4), (3,5), (3,6) > (4,1), (4,3), (4,5), (4,6) > (5,1), (5,4), (5,6) > (6,1), (6,4), (6,5) a koruna tam je třeba `(1,3) -> (3,4) -> (4,5) -> (5,6) -> (6,1) `
2022	2022-05-25T17:32:01.088+00:00	Deleted User	general	a tady v tomto, je tam jen jedna koruna nebo by šlo počítat i tohle, co jsem vyznačila?
2022	2022-05-26T08:35:53.292+00:00	mangovnik	general	Takže u toho nového příkladu synchronizaci: - vyznačím si relace - pokud v těchto relacích je cyklus (koruna), tak prohlásím, že není proveditelný synchronně - pokud tam cyklus (koruna) není, tak prohlásím, že lze provést synchronně
2022	2022-05-26T11:28:45.312+00:00	sebasuuu	algo,property	v docu je napisane ze "Pro každý proces si vypíšeme všechny send(m_i) -> receive(m_j), které jsou v relaci kauzality: -e>." ale 6. proces ma najprv receive 2 a potom send 6, nemalo by to teda byt 6. proces = (6,2) ?
2022	2022-05-26T14:10:08.516+00:00	3.14_tea	general	vzniká tam koruna velikosti 3
2022	2022-05-26T21:31:02.585+00:00	pixiedash	general	pepegga otázka, proč se po reduce pouzívá broadcast? :peepoHug:
2022	2022-05-26T21:32:54.61+00:00	afos	general	ak len vypísať (tohtoročné zadania), tak broadcast nepotrebuješ.. ak potrebuješ na každom procese ešte niečo "kuchtiť" napríklad so sumou, tak bcast, no
2022	2022-05-26T21:33:47.364+00:00	kristyna4270	general	i letos jsi potřeboval broadcast, ne? však jsi tam zjišťoval minimum a maximum, které potřebovaly znát i ostatní procesy, či?
2022	2022-05-26T21:33:54.981+00:00	student4822	general	no v B skupine urcite len Reduce trebalo, ziadny broadcast, videl som ze broadcasty som mal preskrtnute v pisomke :VUTrtzW:
2022	2022-05-26T21:34:23.574+00:00	atreides38	general	C potřebovalo broadcast aby si všem rozeslal ten max i min
2022	2022-05-26T22:50:22.984+00:00	student4822	property	pocuj, tym FIFO a broadcast sa mysli co?
2022	2022-05-26T22:57:41.238+00:00	beeblebr0x	property	fu, teraz uz neviem, ale volakde asi boli nejake tie podmienky FIFO, kauzalita apod. asi to bude ono :/ vtedy som este moc netusil co co znamna :OMEGALUL: a vidim, ze aj ja som tam jebol otaznik
2022	2022-05-27T07:39:52.06+00:00	beeblebr0x	property	Najdes si vsetky kauzalne spravy/procesy, hlavne sa nauc si ich vypisat
2022	2022-05-27T07:40:02.133+00:00	hajrus	property	co je kauzalní
2022	2022-05-27T07:41:22.541+00:00	beeblebr0x	pain	m1 -> m2 m2 -> m1 tak rip -> koruna -> nejdze previest na synchro
2022	2022-05-27T07:42:24.591+00:00	v0jta	general	pokud někde jde z těchto posloupnmostí vytvořit cyklus (koruna), tak to nejde synchronizovat
2022	2022-05-27T07:44:14.497+00:00	hajrus	general	a co ještě znamená koruna?
2022	2022-05-27T07:49:26.118+00:00	atreides38	general	@Hajrus A dělá se to tak že si vezmeš každé odeslání zprávy a uděláš všechny možné dvojce toho jaké přijetí po odeslání této zprávy následovalo (vyjma sebe). A jak tam v těch dojcích najdeš nějaký cyklus tak je tam koruna a nejde to převést na synchronní.
2022	2022-05-27T11:06:48.44+00:00	aleksij	general	B: Udělat AND pro common CRCW Xeon Phi :itsVoidkay: Odd Even merge sort Marzullův alg Zase ta koruna Enumeration Sort OCCAM shit nevím co MPI, každej procesor měl prvek a zjistit jestli sudý procesory mají sudy prvky a lichý mají lichý prvky
2022	2022-05-27T11:10:54.169+00:00	sebasuuu	general	A: - popísať Algo na CRCW pre AND a uviesť príklad - kde by sme využili MIMD, popísať + obrázok - suffixsum pre euler path výpočet úrovne vrcholu - MPI nájsť či suma prvkov v 1. Polovici je menšia ako suma prvkov v 2. Vypísať áno alebo nie - ako budú vyzerať procesory v 12. Kroku pri pipeline sort - async -> či sa dá tak ako, kde to vidime atď. - OCCAM ch...
2022	2022-05-27T11:23:15.908+00:00	maggie8310	property	Chyba ti tam este FIFO algoritmy a definovat relaciu kauzality
2022	2022-05-27T11:52:03.343+00:00	hater85	general	v tom A tam nebola koruna? :peepoThink:
2022	2022-06-01T11:08:18.12+00:00	janinka8352	general	proc je tam ten broadcast? neni ta hodnota uz v sum?
2022	2022-06-05T12:54:29.181+00:00	ondra_stu	property	nevite nekdo jaka mela byt odpoved k tem FIFO? co presne tam chtel uvest?
2022	2022-06-06T16:14:21.134+00:00	sebasuuu	general	doteraz boli na async -> sync robene tak ze v nich je koruna a neda sa to, ako sa to presklada ked sa to da ? :feelsCringeMan:
2022	2022-06-06T16:20:51.018+00:00	afos	general	koruna je cyklus v tej asynchrónnej komunikácii, kvôli ktorej to nemôžeš prerobiť na synchrónnu
2022	2022-06-07T14:58:11.412+00:00	sebasuuu	algo,property	- PRAM tipovačka - data flow architektúra popísať + obrázok - semafor popísať P a V operácie - FIFO broadcast ako prebieha prijímanie a odosielanie a algoritmy - async na Sync príklad - random mating príklad, skončiť prvú fázu do 4 krokov - LINDA vyhľadávanie v lineárnom zozname - MPI nájsť druhé maximum, pozor hodnoty môžu byť aj záporné
2022	2022-06-07T19:13:12.167+00:00	bvit	property	Jako random mating a ten fifo shit
2023	2023-04-15T12:15:57.225+00:00	no.body.the.sad.slider.boy	general	Ale teda nevím jak za pomocí těch dvou vyjádřit třeba `Broadcast` :HAhaaVUT:
2023	2023-04-15T12:29:45.403+00:00	no.body.the.sad.slider.boy	general	A ten `Broadcast` máš jako jednu šipku? Tam je taky weird ten způsob předávání. :pepeLa:
2023	2023-04-15T13:20:40.838+00:00	justlada	general	broadcast jsem udělal jako stromové předávání když předpokládám log složitost
2023	2023-04-20T21:04:40.497+00:00	.bakalar	general	Ale kebyže má byť upper bounded tá hodnota vstupu, tak by to O(n) zmizlo a najväčšiu časovú zložitosť by mal broadcast, čiže výsledná časová zložitosť by bola (n*log n)
2023	2023-04-20T21:06:45.984+00:00	kocotom	general	`Scatter` před smyčkou, `Gather` po smyčce, takže `O(n)` ti nepokazí smyčku Uvnitř smyčky mám `2x Broadcast` a `3x Reduce`, to je stále `O(log n)` :kalm:
2023	2023-05-01T09:13:11.765+00:00	monnte	general	@Bicko vieš sak hlada koruna ?
2023	2023-05-01T09:13:22.105+00:00	monnte	property	viem že to ma niečo s kauzalitou ale nwm ako to tam najst
2023	2023-05-01T09:14:29.206+00:00	monnte	property	tam je niečo s kauzalitou
2023	2023-05-01T09:17:46.068+00:00	monnte	property	no začneš to robit tak že urobiš najprv relaciu kauzality na tych riadkoch
2023	2023-05-01T09:20:43.98+00:00	monnte	general	@Bicko teraz ty mne vysvetli atomicky broadcast a hlasovanie :kekw
2023	2023-05-01T09:23:20.247+00:00	monnte	general	atomicky broadcast
2023	2023-05-03T12:56:29.94+00:00	malekjakub	property	1. Tipování složitosti 2. Algoritmy s FIFO 3. Pi kalkul 4. Euler 5. Redukční počítač 6. Zda lze synchronizovat procesy 7. Implementace s aktivním čekáním test&set a swap 8. MPI max% +min == 0
2023	2023-05-03T13:21:17.859+00:00	monnte	property	2. To bolo napisat KOD FIFO broadcastu a popisat relaciu kauzality
2023	2023-05-11T13:22:03.3+00:00	monnte	property	tam bolo napisat FIFO broadcast kod a potom kauzalitu popisat
2023	2023-05-12T18:07:57.1+00:00	.bakalar	general	Koruna? :pog:
2023	2023-05-12T18:11:58.196+00:00	.bakalar	property	Ale neviem, čo si mám predstaviť pod “algoritmy s FIFO”… Chandy-Lamport atd?
2023	2023-05-12T18:12:54.944+00:00	diskordsux	property	to pak Monnte pár zpráv pod tím přiblížil tu otázku: `2. To bolo napisat KOD FIFO broadcastu a popisat relaciu kauzality`
2023	2023-05-13T09:12:49.7+00:00	duristomas67	general	vie mi niekto vysvetlit ako funguje tá koruna pri async -> sync?
2023	2023-05-13T11:57:44.205+00:00	duristomas67	algo,property	zlava do prava ti ide ako keby čas a tie vodorovne čiary su procesy. Pre každý send (zelene koliečko) si vypíšeš relácie kauzality, teda všetky receive čo nasleduju po nom teda pre m1 (proces 1) by to bolo (send1, recieve2), (send1, recieve 3), potom pre proces 2 by to bolo (send2, receive1), (send2, receive3) a pre trojku (send3, receive2), (send3, recei...
2023	2023-05-13T11:58:25.724+00:00	duristomas67	property	nemaju tam vypísané všetky tie kauzality
2023	2023-05-13T12:02:28.118+00:00	duristomas67	algo,property	aby si videl aj niečo kde nie je koruna tak napríklad toto z prednášky ked vypíšeš rovnako tie kauzality tak máš (s1,r2), (s1,r3), (s2,r3) (po send3 napríklad už ide len receive3 čo ignoruješ, vypisuješ len tieto či idu ako keby medzi procesmi a nie len v rámci 1 lebo to je logické že bude vždy po sende) no a tu korunu nikdy nenájdeš - cyklus
2023	2023-05-13T12:24:04.052+00:00	.kwivi	property	myslela sem že tomu chápu a je to jednoduché ale asi je to další random shit no 😄 v docu nejsou vypsané všechny ty kauzality
2023	2023-05-13T12:32:35.213+00:00	jak3_117	algo,property	Well, nwm jestli to dobre, ale podle me to jde delat jednoduse. U synchronizovane komunikace musi byt, ze time(send) == time(recieve). Takze ty kauzalni zavislosti se daji urcit tak, ze zanedbavas barvicky a jdes pouze postupne po lifeline kazdeho procesu zleva doprava. Zajima te teda jenom, ke ktere zprave dana tecka patri. Z toho urcis, ty zavislosti me...
2023	2023-05-13T12:49:56.951+00:00	jak3_117	algo,property	Vlevo mas originalni asynchroni komunikaci, vpravo vyslednou po synchronizaci. Proste u synchroni odeslani i doruceni probihaji ve stejny okamzik. Takze je muzes pri urcovani tech kauzalnich zavislosti vzajemne zamenovat diky tomu.
2023	2023-05-13T13:34:52.798+00:00	diskordsux	algo	podle těchto slajdů to chápu tak, že atomičnost znamená, že je ten broadcast reliable (což se asi u těchto úloh předpokládá automaticky) a v úplným pořadí, tzn. když procesy _p_ a _q_ doručí zprávy _m_ a _n_, tak když třeba _p_ je doručí v pořadí _m_ -> _n_, pak je doručí v tomto pořadí i _q_
2023	2023-05-13T13:37:44.032+00:00	duristomas67	property	akože tá kauzalita, fifo a atomickost znie aj vyzerá všetko rovnako
2023	2023-05-13T16:59:28.189+00:00	monnte	general	najdi si slide, ten kde to je vysvetlene čo je koruna
2023	2023-05-13T17:00:11.93+00:00	monnte	algo	send(m1) -> recive(m2) send(m2) -> recive(m1) nastane a to je jedno kolko sprav medzi tým bude že sa takto cyklom dostaneš spet k m1 tak to je koruna
2023	2023-05-13T17:02:54.175+00:00	monnte	general	ale zvečša vidiš prekrižene spravy hore dole a je tam koruna (najčastejšie to tak dava)
2023	2023-05-14T10:12:21.215+00:00	di3go_cz	exam,property	Výskyt otázek ze těch dvou docs (2022/2023 předtermín - 2016/2017): ```25x MPI 25x PRAM tipsport 12x Etour, suffixsum -> (preorder / následující vrcholy / cesta …) 10x něco s Broadcast FIFO / kauzalita / atomičnost (kód, graf nebo teorie) 9x OCCAM (popsat, primitiva, příklad) 9x Carry look ahead příklad 6x Monžnost převést asynchronní systém na synchronní...
2023	2023-05-14T10:15:39.893+00:00	duristomas67	property	Viete niekto zrozumiteľne vysvetliť tu kazualitu vs fifo vs atomickost?
2023	2023-05-14T10:17:31.049+00:00	no.body.the.sad.slider.boy	property	FIFO je že se při komunikaci zpracovávají v pořadí v jakém byly odeslány nebo tak něco, ne? :pepoThink: A ta kauzalita, že ti jakoby nemůže přijít odpověď na "otázku" dřív než ta otázka.
2023	2023-05-14T10:18:23.367+00:00	duristomas67	property	Mne to fifo a kauzalita prišli rovnaké na tých obrázkoch :pepelaughlidl:
2023	2023-05-14T10:19:30.1+00:00	no.body.the.sad.slider.boy	property	No FIFO se týká nezávislé komunikace z jednoho procesu a kauzalita se spíš týká nějaké návaznosti těch zpráv pokud jsem to dobře pochopil. :pepoThink:
2023	2023-05-14T10:19:31.497+00:00	monnte	property	fifo nemusi byt kauzalne asi
2023	2023-05-14T10:21:40.403+00:00	no.body.the.sad.slider.boy	property	Toto by mělo být porušení FIFO
2023	2023-05-14T10:23:31.958+00:00	no.body.the.sad.slider.boy	property	A toto by mohlo být porušení kauzality
2023	2023-05-14T10:25:02.286+00:00	no.body.the.sad.slider.boy	property	U té kauzality jde o to, že proces `p3` dostane odpověď (`A`) na `Q` dřív než dostane samotnou otázku `Q`.
2023	2023-05-14T12:50:47.59+00:00	stupidboisbb	property,pain	ale z tohoto slajdu mi pripadne ze FIFO==kauzalita
2023	2023-05-14T12:53:40.019+00:00	stupidboisbb	property	resp z techto dvou bych pochopil, ze FIFO se zabyva zpravama vyslanyma jednim procesem
2023	2023-05-14T12:53:51.515+00:00	stupidboisbb	property	kdezto kauzalitu zajimaji vsechny zpravy od vsech procesu
2023	2023-05-14T13:29:55.732+00:00	adda00	general	- algoritmy, stromy, randommating (obě fáze), broadcasty(jak funguje semafor, jak funguje monitor, ), busy waiting (test and set, peterson) - problemy paralelsimu, jak bychom resili prodcent konzument nebo 5 filozofu pomoci (), ocaml(posilat na in, na out), linda je popis primit, nebo jak byl ten seznam - nutkani tam dat redukci pcalcluc(co se muze zreduk...
2023	2023-05-14T14:45:17.545+00:00	no.body.the.sad.slider.boy	general	Ta koruna
2023	2023-05-14T17:49:56.096+00:00	bachini	general	Co je ta skurvena koruna ? :clueless:
2023	2023-05-14T17:57:34.772+00:00	petak5	algo	Spojis si uzly send s uzlami receive v ramci jedneho procesoru (jedna horizontalna ciara) a ked tam je kruznica (koruna?) tak nemozes to prerobit na synchronne
2023	2023-05-14T19:28:34.249+00:00	no.body.the.sad.slider.boy	general	Je ta koruna nějak závislá na tom jak šly ty zprávy v čase?
2023	2023-05-14T20:29:12.737+00:00	veverica	general	a vznika koruna, jej stupen urcuje pocet dvojic, z ktorych si to vyskladal
2023	2023-05-15T06:53:44.767+00:00	veverica	property	aky bol rozdiel medzi fifo a kauzalitou?
2023	2023-05-15T06:55:43.533+00:00	veverica	algo,property	> In summary, causality captures the order of events based on their causal relationships, ensuring a consistent global order of events in the system. FIFO ordering, on the other hand, specifically ensures that the temporal order of messages sent by the same sender is preserved.
2023	2023-05-15T06:56:10.737+00:00	veverica	algo,property	podla tohto je fifo merane pre toho isteho sendera
2023	2023-05-15T11:35:03.31+00:00	juldou.	general	na čo mi bol broadcast v tom pomere sudych a lichych?
2023	2023-05-28T17:15:03.425+00:00	mrca	general	tady koruna 2,3,5,6 neni nebo je?
2023	2023-05-29T09:12:54.509+00:00	.caby.	general	inak ta koruna, ako je definovana? alebo ako zistim ci tam je?
2023	2023-05-29T09:16:08.84+00:00	mrca	general	s tim ze ti ty sipky musi navazovat a jak pises ano u teho 2,3,5,6 nebo jak to je tak tam neni jedna ta hrana se spravnou orientaci proto to neni koruna
2023	2023-06-05T10:06:35.215+00:00	louda7658	general	okamura :Prayge: pi kalkul :Prayge: pram :Prayge: MPI :Prayge: etour :Prayge: cla :Prayge: test&set | atomic swap :Prayge: koruna
2023	2023-06-05T10:34:59.565+00:00	lesamo	general	dá sa hľadanie koruny zjednodušiť na to, že, ak sa čiary medzi odoslaním a prijatím krížia tak koruna je a keď sa nekrížia tak koruna nie je? :peepoThink:
2023	2023-06-05T16:07:23.522+00:00	wulferion	general	Pomocí broadcast a reduce v logaritmickém čase zjistit jestli je v posloupnosti 3 nebo více různých hodnot.
2023	2023-06-05T16:16:33.19+00:00	wulferion	exam,property	2. Opravný: ``` 1. PRAM tipování 2. Odesílání a přijímání zprávy kauzálně + definice relace kauzality 3. PRAM architektura popsat a nakreslit 4. ADA popsat + konkrétní příkazy 5. Pi calcul, 3 redukce 6. Upsweep downsweep příklad 7. 4 čítače (za 10b btw) 8. MPI v log čase zjistit, zda má posloupnost 3 a více různých hodnot ```
2024	2024-04-16T21:33:19.598+00:00	drewandrew1	general	a na tom funguje broadcast ?
2024	2024-04-23T19:06:32.929+00:00	headclass	general	aka koruna dopice
2024	2024-04-24T00:22:42.013+00:00	paetrik	algo	Dle mě by to mělo být takto ``` send(1) -> recv(4) send(2) -> recv(3) send(2) -> recv(6) send(3) -> recv(5) send(4) -> recv(1) send(5) -> recv(6) ``` a koruna tam tedy velikosti 2: `send(1)->recv(4),send(4)->recv(1)` Ale nejsem si jistý, zda to je správně :monkahmm:
2024	2024-04-24T05:49:49.951+00:00	penpem	general	co je ta koruna pls? nieviem to nikde najst :peepoSad:
2024	2024-04-24T07:10:19.887+00:00	enhaut	general	Vypíšeš si dvojice v tej relácii ->e. napr (1,2) -> (2,3) -> (3,1) tak ten cyklus (začínaš v 1 a na konci tam znova skončíš) je koruna
2024	2024-04-24T07:10:25.733+00:00	enhaut	general	Cyklus ==koruna
2024	2024-04-24T07:14:43.179+00:00	enhaut	algo,property	Na riadku sú procesy, s_i sú odosielania, r_i sú príjmy, i sú označenie správ a doprava po čiara h plynie čas. Tak ideš po jednotlivých riadkoch a pozrieš sa, či máš nejaký send pred recv (kauzalne mu predchádza), ak áno tak to je ta dvojica (send časovo skôr, receive časovo neskôr). Aspoň tak som to pochopil a vychádza to
2024	2024-04-24T07:26:30.913+00:00	paetrik	algo,property	Já tu relaci kauzality chápu tak, že si položím otázku: Když na odešlu nějaké zprávy (např. m1) tak jakou zprávu díky ní můžu přijmout (nepočítám tu stejnou zprávu)? Zde to je zpráva m2. Přesněji: odešlu m1 -> můžu pak odeslat m2 -> odešlu m2 -> druhý proces přijal zprávu m2 na základě toto, že jsem odeslal zprávu m1, tedy `send(m1)` je kauzální na `recv(...
2024	2024-04-24T07:28:11.029+00:00	enhaut	property	No to asi nie je relácia kauzality ale skôr riešenie tej úlohy. Ale tiež ti to nevyjde na tom prípade co si poslal
2024	2024-04-24T09:49:36.279+00:00	bartman541	general	@Enhaut #FREERYBO #FREEMEDDEA je toto koruna? Lebo S1 predchazi R2, S2 predchazi R3, a S3 predchazi R1
2024	2024-04-24T09:50:33.611+00:00	penpem	pain	stale nechapem co je koruna
2024	2024-04-24T09:54:44.22+00:00	bartman541	property	jestli řekneš že tu relaci kauzality vztahuju vždy jen k jedný lajně (procesu), tak už jsem viděl příklad kde se to vztahuje i na jiné lajny, tím pádem by teoreticky i toto byla koruna?
2024	2024-04-24T09:56:42.089+00:00	paetrik	algo,property	Tuto komunikaci bys mohl lehce simulovat synchronní. Relace kauzality tam jsou jenom: `send(m1) -> recv(m2)` a `send(m2) -> recv(m3)` a `send(m3)` už neřeší, protože na tom nezáleží příjem žádné zprávy. Bych teda alespoň řekl já :monkahmm:
2024	2024-04-24T09:58:09.23+00:00	enhaut	general	ja by som povedal, ze plati: mozes to poslat/prijat synchronne => nemoze byt koruna
2024	2024-04-24T09:58:57.001+00:00	bartman541	general	já si myslel že to není koruna, ale potřeboval jsem nějaký protipříklad, protože tou neumím právě mimo ty stejné lajny
2024	2024-04-24T14:06:45.323+00:00	headclass	exam,algo,property	PREDTERMIN 2023/24 1. Tipsport crcw - XOR, NAND, AND 2. PRAM model - opisat ho, nakreslit obrazok 3. Kauzalni broadcast + relace kauzality 4. Euler pro počet následovníků + popis 5. CLA 6. Meakawův algoritmus - opisat kvorum a na obrazku znazornit zalomenu verziu kvor pre 12 procesov. takto ukazte zistenie kvor pre 2 procesy 7. OCCAM - implementujte proce...
2024	2024-05-11T17:22:42.233+00:00	headclass	general	Moj prediction na pondelok: - PRAM tipsport - Euler hlbka/poradie - Nejaky pi kalkul - Nejaky MPI kde bude treba pouzit broadcast (nezabudnut nielen poslat broadcast, ale aj prijat) - Marzullov algo - Test&set pseudokod - nejaky occam kod - nejaka polsemkova teoria, redukcny pocitac alebo dataflow
2024	2024-05-12T12:28:17.522+00:00	ivooooos	algo,property	Jaký je rozdíl mezi kauzalitou a fifo u broadcastu? Jediný rozdíl, co je v prezentacích je, že kauzálně je správně, když se prohodí doručení zpráv od stejného procesoru, ale IDK :painsChamp:
2024	2024-05-12T12:48:15.066+00:00	safarmirek	property	Ale jak to chápu já - FIFO jde o to, že jeden proces odešle zprávu m1 a pak m2, tak všichni to přijmou jako m1 a pak m2, ne naopak
2024	2024-05-12T12:48:49.559+00:00	safarmirek	property	A u kauzality je to o tom, že P1 odešle m1, P2 ji přijde a na základě toho odešle m2, tak P3 to musí přijmout jako m1 a pak m2
2024	2024-05-12T12:49:03.705+00:00	safarmirek	property	Ale už to není jako u FIFO, kdy to musel odesílat jeden proces
2024	2024-05-12T17:07:39.387+00:00	michal101999	general	Jakým způsobem byste prosím řešili tohle MPI? > MPI v log čase zjistit, zda má posloupnost 3 a více různých hodnot Na to asi nebude stačit jen Reduce a Broadcast, že? 🥹
2024	2024-05-12T19:27:42.801+00:00	safarmirek	general	Až teďka jsme zjistil, že ty broadcast algoritmy jsou navázaný na sebe
2024	2024-05-12T19:30:07.638+00:00	safarmirek	algo,property	Kauzální deliver(C, m) to C znamená kauzální, a je tam upon deliver(F, <m1, .... mk>) což znamená, když FIFO broadcast doručí message, tak se předá tomuhle
2024	2024-05-12T19:30:33.619+00:00	safarmirek	property	Já jsem si říkal, že to nemůže fungovat, jak je zajištěto to FIFO a ono je to takhle
2024	2024-05-12T19:31:05.033+00:00	penpem	property	fifo je akoby pre dva procesy
2024	2024-05-12T19:31:17.54+00:00	safarmirek	property	FIFO není pro dva procesy
2024	2024-05-12T19:31:27.55+00:00	safarmirek	property	FIFO je normální broadcast
2024	2024-05-12T19:32:13.617+00:00	penpem	property	myslel som rozdiel medzi kauzalnym a uplnym
2024	2024-05-12T20:00:32.782+00:00	matejicek11	algo,property	Jak vlastně kauzalita neřeší FIFO, když se kauzální algoritmus odkazuje na FIFO algoritmus? Protože podle prezentací kauzalita neznamená FIFO, ale ten algoritmus pro kauzalitu se na to odkazuje..
2024	2024-05-12T20:52:58.189+00:00	matthewlele	general	ono co som videl zadania povoluje len broadcast/reduce a pri reduce pouzivas MPI_SUM/MIN/MAX co ti vela moznosti nedava a treba si pozriet tie priklady a nejaku intuiciu vybudovat ako pomocou toho hocico riesit
2024	2024-05-13T07:42:44.593+00:00	bc.derkuznikov	property	ja to riesim tak ze sa pozrejm jak opica co predchaza camu a dokazem tam naist jestli je tam niejaka tranzitivita co by dojebala kauzalitu
2024	2024-05-13T07:50:02.539+00:00	bc.derkuznikov	property	ja kauzalitu chapem jednoducho tak mam tri procesy p1, p2, p3 Jako první: p1 posila m1 p2 a p3 ``` m1 : (p1,p2) m1 : (p1,p3) ``` Jako druhý: p2 chce poslat m2 p3 ``` m2 (p2,p3) ``` `kauzalita zaruci, ze p3 neobdrzi m2 pred m1!!!` relace kauzality: ``` (p1,p2) -> (p2,p3) ``` pokud by se zde vsak nachazel cyklus, tedy byla by zde zprava m3 kterou by p3 chte...
2024	2024-05-13T07:56:09.627+00:00	bc.derkuznikov	algo,property	asynchrone to btw muzes provest vzdy ale nezarucis poradi doruceni zprav tzn kazdy synchroni system je kauzalni, ale ne kazdy kauzalni system musi byt synchroni
2024	2024-05-13T08:22:18.812+00:00	bc.derkuznikov	general	Jop jelikož smyslem je že se to snažíš prevest do nějakého synchronního zpusobu, což pokud tam je koruna nejde
2024	2024-05-13T15:24:18.353+00:00	fadofado	exam	2023/24 - Řádný - Skupina B 1.) PRAM "tipovacka" (6b) a) časova složitost: **XOR** pro EREW, CREW, common CRCW b) časova složitost: **počet sudych čísel** pro EREW, CREW, common CRCW c) cena: **NAND** pro EREW, CREW, common CRCW 2.) Popiště architekturu procesů s velkým kódovým slovem (**VLIW**). Popiště možné konflikty a způsob jejich předcházení, resp. ...
2024	2024-05-25T13:54:11.345+00:00	monnte	general	v MPI ten broadcast je if (master) broadcast
2024	2024-05-25T16:59:47.102+00:00	jany26	property	musi byt ta udalost, na ktorej je kurzor v tom reze? ja si myslim, ze by mala byt mimo... kedze pre tuto udalost x ziadna ina udalost y z toho rezu kauzalne nepredchadza x
2024	2024-05-25T18:04:29.84+00:00	cyko237	property	neni tady porusena kauzalita?
2024	2024-05-25T18:08:25.573+00:00	cyko237	property	aha uz chapu co je kauzalni
2024	2024-05-25T19:31:41.645+00:00	monnte	property	a niesu to kauzalne zavislosti
2024	2024-05-25T19:35:16.073+00:00	monnte	property	ked chapes ako funguje kauzalita
2024	2024-05-25T19:35:36.23+00:00	monnte	algo,property	tak ptm to send m1 kauzalne predchadza recieve m2
2024	2024-05-25T19:35:41.944+00:00	jany26	property	ano to je popis tej tranzitivity kauzality
2024	2024-05-25T19:58:05.38+00:00	omnitex	property	tady kauzalita a crowns jsou dobře vysvětlené, plus další věci, doporučuju
2024	2024-05-26T07:23:18.697+00:00	dyrkon	general	8.) MPI: vypsat soucet prvku vetsich nez prumer, dispozici broadcast a reduce. (9b) Je tohle legit řešení? ```C int main(argc, argv) { MPI_Init(argc, argv); int rank, size, value; int sum, average, a_sum; MPI_Reduce(&value, &sum, MPI_Sum, 0); if (rank == 0) average = sum/size; MPI_Bcast(&average, 0); if (value < average) value = 0; MPI_Reduce(&value, &a_s...
2024	2024-05-26T19:50:12.972+00:00	jany26	property	ja sa este ABCAST snazim pochopit
2024	2024-05-26T22:54:06.844+00:00	jany26	property	ako detekujem ze broadcast porusuje atomicitu
2024	2024-05-26T22:58:22.594+00:00	jany26	algo,property	FIFO sa porusi, ked pre nejake 2 spravy z p1 do p2 sa dorucia spravy v inom poradi v akom sa poslali
2024	2024-05-26T22:59:11.315+00:00	jany26	algo,property	kauzalita sa porusi, ked nejaka sprava a ktora kauzalne predchadza b sa doruci az po b
2024	2024-05-27T11:49:08.818+00:00	precla	algo,property	PRAM sportka, FIFO broadcast, test_and_set, 4 čtenáři, nějakej RA algoritmus , pi kalkul, MPI druhej nejmenší prvek
2024	2024-05-27T13:39:17.712+00:00	jany26	exam,algo,property	1. opravny 2024 1) 6b: PRAM (EREW, CREW, COMMON CRCW): cena zoradit sekvenciu, cena XOR, casova zlozitost AND 2) 9b: a) FIFO broadcast send, recv algoritmus, b) definovat relaciu kauzality, 3) 9b: testandset riesenie kritickej sekcie - kod plus popis, 4) 9b: algoritmus 4 citacov princip fungovania plus nakreslit 2 obrazky, v jednom sa detekovalo ukoncenie...
2024	2024-05-30T11:29:09.855+00:00	mira_007	general	Jak jsi to řešil? Mě nenapadá upřímně jinej způsob, než několikrát tam naházet reduce + broadcast + ..., což dohromady by mělo dát `O(log n)` ne?
2024	2024-05-30T13:09:57.379+00:00	4feanor	general	Třeba broadcast měl myslím jenom adresu proměně a kanál
2024	2024-06-02T16:13:38.072+00:00	noxi_ixon	general	koruna ?
2024	2024-06-03T11:30:08.66+00:00	yamauu	algo,property,pain	a fifo, kauzalita a atomicnost na nesrozumitelnym diagramu
2024	2024-06-03T12:40:15.429+00:00	yamauu	exam,algo,property	2. opravny 2024 1. PRAM sazka 1) cena vypoctu absolutnich hodnot posloupnosti kladnych cisel (:OMEGALUL:) 2) casova slozitost OR 3) cena zjisteni, jestli je posloupnost fibonnaciho sekvence 2. parallel splitting 3. Suffix sum na strome algoritmus + popsat postup 4. Ada - naco sa pouziva select a accept a co sa pouziva na synchronizaciu 5. Broadcast: FIFO,...
2025	2025-05-11T19:53:25.858+00:00	michal3441	exam	Toto inac bolo na predtermine 1. EREW/CREW tipovacka, kde musis vybrat zlozitost algoritmu 2. definovat ako funguju zretazene procesory a ake konflikty mozu nastat 3. Random mating alg, mas navrhnut ako sa budu pseudonahodne generovat tie male a female tokeny tak, aby skoncil po 4 iteraciach 4. Select sort na vyber k-teho prvku (opisat a ukazat hocijaky p...
2025	2025-05-11T22:10:31.881+00:00	skrugras	general	co je to ta koruna
2025	2025-05-28T13:32:22.861+00:00	omegapatyk	property	1) PRAM tipovačka 2) FIFO broadcast + relace klauzality 3) 4 čítače 4) Čtenář x písař 5) Balgoriuv alg 6) Prescan 7) OCCAM 8) MPI
2025	2025-05-28T13:33:34.563+00:00	maxersk	property	Hej to FIFO ešte, to bolo že aj na minulom termíne . Máš Napísať algoritmy
2025	2025-06-12T16:02:44.357+00:00	inconsistent.s.kills	general	no, říkal, že nechce abychom něco rozhlašovali (= prej broadcast xD)
2026	2026-04-22T17:14:20.642+00:00	theramsay	property	pram, fifo, broadcast, prefix sum a C v kapse
2026	2026-05-03T19:40:15.359+00:00	lufycz	property	1. MPI programming with Reduce/Bcast — ~35 Variations: value vs average, max/min, count elements, normalization to <0,1>, odd/even sums, second min/max 2. PRAM “tipovačka/sportka” complexities — ~27 Variations: EREW/CREW/common CRCW, AND/OR/XOR/NAND, max/min, sorted/monotone, count zeros/even numbers 3. Broadcast / ABCAST / FIFO / causality / synchronizab...
2026	2026-05-03T19:55:08.928+00:00	bonobonobono	property	abcast tam snad nebyl, n? nebo jsem jen spatne hledal...
2026	2026-05-06T11:26:35.328+00:00	jaro32768	algo,property	PRETERMÍN 2026 A 1. PRAM tipovačka 2. kauzalita - správy, relácia kauzality 3. monitor, inštrukcie wait, signal + obrázok 4. SSuffix + Etour, level(v)->N, algoritmus a popis 5. nová úloha, 4 procesy, graf, občas nejaký vypadne a na základe priorít vybrať proces, ktorú bude nový master pri každom výpadku master procesu, vypísať jednotlivé epochy 6. pipelin...
2026	2026-05-06T12:11:13.47+00:00	king_arthur_of_camelot	algo,property	V B: 2. Nejaký algoritmus na FIFO 3. Algoritmus 4. čtenářú 6. Enumeration sort po 6. kroku
